{
  "train_loss": [
    1.8966165063339415,
    1.7359571820130248,
    1.6168110979823085
  ],
  "val_loss": [
    1.6254483194024079,
    1.4933818147805247,
    1.3938792280282697
  ],
  "val_acc": [
    0.34564643799472294,
    0.42480211081794195,
    0.5145118733509235
  ]
}