{
  "train_loss": [
    0.9527001880939024,
    0.43800878721047687,
    0.34397734133047597
  ],
  "val_loss": [
    0.5458811575001337,
    0.33984277383633216,
    0.29099502129416355
  ],
  "val_acc": [
    0.8100263852242744,
    0.8944591029023746,
    0.9076517150395779
  ]
}